Alice Tan|S0000000A|NTU HALL 1|Singapore|Female|Singaporean|90000001|Alice Tan|1234123412341234|12/12|123|NTU HALL 1|02-01|
Jason Tan|S0000002C|NTU HALL 8|Singapore|Male|Singaporean|92641863|NA|NA|NA|NA|NA|02-01|
John Lim|T0000001A|NTU HALL 2|Singapore|Male|Singaporean|90000002|John Lim|1234567812345678|12/12|321|NTU HALL 2|03-05|
Sophie Lim|S00000009A|NTU CRESCENT HALL|Singapore|Female|Singaporean|93648204|NA|NA|NA|NA|NA|03-05|
Henry Low|T0012379L|5 NANYANG DRIVE|SINGAPORE|Male|SINGAPOREAN|93214735|Henry Low|1122334455660000|12/17|123|5 NANYANG DRIVE|NA|
Bryan Ong|T5518752C|6th Avenue SG 876129|SINGAPORE|Male|SINGAPOREAN|95715470|Bryan Ong|1122334455667788|12/12|123|6th Avenue SG 876129|NA|
David Lee|T0012345G|8 NANYANG DRIVE|SINGAPORE|Male|SINGAPOREAN|93214564|David Lee|1122334455667788|12/12|123|6 NANYANG DRIVE|07-06|
Sam Lee|T0123123S|8 NANYANG DRIVE|SINGAPORE|Male|SINGAPOREAN|96547852|Sam Lee|1122334455667788|12/12|123|8 NANYANG DRIVE|07-06|
